{"S": [[[0.8771415361906961, 0.8064438015022776, 0.03521691458589591], [0.058410644190407354, 0.9119997075097172, 0.9508852813811379], [0.05864306758431779, 0.07109023047250361, 0.08940008459476952]], [[0.020809107305610954, 0.044310379422523236, 0.031119597809384038], [0.9940664433017037, 0.8154551693697899, 0.08448561814866601], [0.06293504392970936, 0.8724744309955854, 1.0243795776821003]], [[0.076110207819061, 0.8804508207028441, 0.02029313232473905], [0.8899384883407148, 0.8233021532156719, 0.022920584162868594], [0.7996074991966253, 0.0038258835298741077, 0.07134522592120694]], [[0.08326803547357844, 0.08741899712334829, 0.9686120665656139], [0.03032000229550441, 0.7780831327479181, 0.8356147749868448], [0.04332745247215185, 0.7443528003837416, 0.09181163502003932]], [[0.025758514267120558, 0.8445072694242901, 0.8463924174114579], [0.9146715776407733, 0.9547988862267368, 0.09974308736998201], [0.030311315464451073, 0.0563907831082469, 0.05614178788151396]], [[0.04268377676392694, 0.056029622841875404, 0.09082942489319826], [0.07100593635935304, 0.7352914647238968, 0.8300761453656094], [0.8017436010069423, 0.8615581776734653, 0.06044508676596787]], [[0.949913159102435, 0.05182614219747874, 0.05904546340048139], [0.8983697862956569, 0.9259161168734011, 0.03850073480810229], [0.013157395647412872, 1.0153219617646607, 0.006118838023813378]], [[0.021672079562050705, 0.9114352366574022, 0.0028349230787209413], [0.08945666036812695, 0.8391036265910617, 0.7913465632088784], [0.055965923326292424, 0.07242778888197784, 0.773761788960916]]], "T": [[[0.9123489428770997, 0.8243314034065563, 0.7438079749416258], [0.03676517625407018, 0.9614301078225143, 0.034839366304874886], [0.0852214718890207, 0.028195617451773125, 0.0366248933410999]], [[0.04774257581076299, 0.048363439479573646, 0.05834877808202308], [0.7566580733752996, 0.7348461699617497, 0.7732475332451083], [0.07242206088100725, 0.8199650063041539, 0.04715589644315603]], [[0.0786758489175479, 0.07686374635973528, 0.8720852101499271], [0.06957192358321654, 0.9448676065866943, 0.7767943993704045], [0.02291379825995543, 0.000647448489909519, 0.8960823727888935]], [[0.09776302057737798, 0.8567602416528151, 0.019758849973451675], [0.7230416539908523, 0.9697732713635393, 0.010353574351343254], [0.08321739169666773, 0.8198759068828909, 0.01022162643894613]], [[0.01676204095109699, 0.8447577328633146, 0.05773204352078094], [1.000401565845471, 0.965456492218502, 0.8621705926575619], [0.0018433907586056896, 0.08811857858287368, 0.07330545973020178]], [[0.01168071929401543, 0.09889912347123159, 0.0017570335411707383], [0.08550000972389697, 0.9353742373991869, 0.051249581233816344], [1.0151406711679611, 0.9178843175005222, 0.8804678927071781]], [[0.8674207505623458, 0.020131119523587836, 0.04926327386169684], [0.9053901997694344, 0.7812576381731753, 0.026486579317366633], [0.728735534477287, 0.059406397270696444, 0.037037545553076964]], [[0.09223393683969867, 0.7840709435123867, 0.0451164152533307], [0.04854586316104, 0.8404165774503971, 0.7884881400386049], [0.002606934491180146, 0.8215512740283387, 0.014051800263268155]]], "L": [[[0.7794123617587687, 0.9263239419135281, 0.8373147670470173], [0.08644001905297463, 0.015465791182903388, 0.7993737180621503], [0.037789933450554036, 0.027806800172442792, 0.08261437728623565]], [[0.06996678580933405, 0.049420315170341844, 0.0445273858862736], [0.8497001673183123, 0.7929021126113325, 0.9320213454704407], [0.055197565776017796, 0.010818730715959323, 0.785651688271445]], [[0.8614926811576413, 0.762704713109773, 0.7214182043404601], [0.8178740080207356, 0.08568545094571381, 0.03260144795751156], [0.06344900331994334, 0.07749035500407847, 0.08915449543587763]], [[0.03124798852796625, 0.07966322214963323, 0.035269395120025415], [0.7906519284193685, 0.7429426229181302, 0.8248834247010566], [0.9093980329922869, 0.07574373335152564, 0.06257965986400789]], [[0.8954678287417256, 0.016944131005248154, 0.08780412984400522], [0.8827449172421129, 0.7258524428981283, 0.9427691362455684], [0.05327647620793047, 0.06174714493817117, 0.08614847740428244]], [[0.0022927438533438147, 0.09383576445140597, 0.025134545683279507], [0.9495877777904238, 0.017271255141663777, 0.003537781411875729], [0.91969474455314, 0.9256013932779329, 0.824014172731684]], [[0.08413225944666339, 0.04002173067158295, 0.967258832893059], [0.8273542616621145, 0.8503640577256754, 0.7944930144255518], [0.010788733411188512, 0.07626583703049962, 0.004688085273493792]], [[0.023529357481828717, 0.06654176719007542, 0.008976887132357702], [0.043305406785914505, 0.09140203734677987, 0.803502971051375], [1.0002762925814488, 0.9534013415327878, 1.0346215582081677]], [[0.8066075261547606, 0.01083549499716725, 0.04489918645969863], [0.8416872922674422, 0.048803026382421774, 0.07996639165931568], [0.9378775421594896, 0.8391789189720095, 0.03471943334844206]], [[0.07530120714568647, 0.8394715736854202, 0.035167447192983314], [0.004382199033876544, 0.8520904212329612, 0.06671579648046885], [0.024692610611221986, 0.8898903407364731, 0.8947863838586759]], [[0.0762666264264246, 0.9443909739454412, 0.01315796193996619], [0.03443160763554278, 0.8241559130069838, 0.05198545178979269], [0.7581649302470883, 0.9785901486907144, 0.022973340854114]], [[0.054539336686644735, 0.004544376957823582, 0.9360530845358588], [0.07935239294334942, 0.06905065299397901, 0.9430153447828029], [0.04457931809151253, 1.014185730703748, 0.7851470671142463]], [[0.03798151223989049, 0.8506118397927479, 0.9224687620388143], [0.07221171111284139, 0.8711609260278467, 0.003101349662629915], [0.06692082634880181, 0.8702662631456541, 0.0769759113224198]], [[0.7870996126548513, 0.8975797550171681, 0.07767334182039157], [0.017142421658454976, 0.7911312102891506, 0.039973261791939975], [0.025910043768512192, 0.785634081652388, 0.04711050249925698]], [[0.9078881535863952, 0.9106570550089992, 0.029094551308435322], [0.8574786170408901, 0.08558661363167805, 0.005746989978954298], [0.8908532754890487, 0.04045574016871627, 0.027586283578419357]], [[0.07794930220840321, 0.8360917267038596, 0.9454961022942519], [0.09140168312362952, 0.06964518431679247, 0.8340505254264257], [0.015747870947992192, 0.03560792596101085, 0.8765432127184329]]],